-- MySQL dump 10.13  Distrib 8.0.32, for Win64 (x86_64)
--
-- Host: 127.0.0.1    Database: torneo_futbol
-- ------------------------------------------------------
-- Server version	8.0.32

/*Se realiza backup de los datos de las siguientes tablas:
torneo
ciudad
asistentes
arbitros
directores_tecnicos
estadios
equipos
jugadores
partidos
tarjetas
tarjetas_dt
cuerpo_arbitros
posiciones
goles
*/

/*!40101 SET @OLD_CHARACTER_SET_CLIENT=@@CHARACTER_SET_CLIENT */;
/*!40101 SET @OLD_CHARACTER_SET_RESULTS=@@CHARACTER_SET_RESULTS */;
/*!40101 SET @OLD_COLLATION_CONNECTION=@@COLLATION_CONNECTION */;
/*!50503 SET NAMES utf8 */;
/*!40103 SET @OLD_TIME_ZONE=@@TIME_ZONE */;
/*!40103 SET TIME_ZONE='+00:00' */;
/*!40014 SET @OLD_UNIQUE_CHECKS=@@UNIQUE_CHECKS, UNIQUE_CHECKS=0 */;
/*!40014 SET @OLD_FOREIGN_KEY_CHECKS=@@FOREIGN_KEY_CHECKS, FOREIGN_KEY_CHECKS=0 */;
/*!40101 SET @OLD_SQL_MODE=@@SQL_MODE, SQL_MODE='NO_AUTO_VALUE_ON_ZERO' */;
/*!40111 SET @OLD_SQL_NOTES=@@SQL_NOTES, SQL_NOTES=0 */;

--
-- Dumping data for table `arbitros`
--

LOCK TABLES `arbitros` WRITE;
/*!40000 ALTER TABLE `arbitros` DISABLE KEYS */;
INSERT INTO `arbitros` VALUES (23237675,'Althea Taylor','1986-02-05'),(23621644,'Moana Erickson','1988-03-29'),(24504420,'Jemima Olsen','2003-01-31'),(24800142,'Tarik Russo','2002-09-12'),(27727807,'Imogene Rowe','1986-09-13'),(29126628,'Simone Romero','1995-04-09'),(30606064,'David Brewer','2003-12-16'),(30803585,'Kibo Erickson','1987-09-27'),(31883018,'Cade Rodgers','2003-01-21'),(32674303,'Charity Ellis','1991-08-16'),(33491020,'Axel Sawyer','1989-05-31'),(38907553,'Kevyn Trujillo','2003-12-26');
/*!40000 ALTER TABLE `arbitros` ENABLE KEYS */;
UNLOCK TABLES;

--
-- Dumping data for table `asistentes`
--

LOCK TABLES `asistentes` WRITE;
/*!40000 ALTER TABLE `asistentes` DISABLE KEYS */;
INSERT INTO `asistentes` VALUES (25177134,'Hannah Nichols','2002-10-29'),(26734847,'Laith Walter','1984-11-21'),(28796770,'Iola Rush','1998-05-13'),(29193352,'Denton Holcomb','1989-04-29'),(30098405,'Larissa Montoya','1997-10-17'),(30126929,'Fallon Bates','1985-09-04'),(30566576,'Maya Cantu','1993-10-26'),(30676077,'Vladimir Brooks','2000-06-19'),(31293939,'Tiger Robertson','1993-12-11'),(31504515,'Branden Webster','1988-06-02'),(31848210,'Hall Moreno','1986-10-04'),(31957324,'Quintessa Hurst','1997-02-14'),(32930976,'Colby Sheppard','1995-05-18'),(34433402,'Jeremy Bauer','1993-07-26'),(35278833,'Shana Jefferson','2003-09-07'),(35316431,'Shelly Garrett','1985-08-14'),(35831567,'Jordan Pena','1988-05-08'),(36340982,'Stephanie Travis','1986-01-07'),(36954215,'Ulric Fitzgerald','1989-08-25'),(36969775,'Neil Dorsey','2000-05-02'),(37516554,'Ariana Walter','1989-04-04'),(39257206,'Halee Neal','2000-08-19'),(40192985,'Logan Mooney','1994-07-06'),(41920292,'April Cruz','2002-10-13');
/*!40000 ALTER TABLE `asistentes` ENABLE KEYS */;
UNLOCK TABLES;

--
-- Dumping data for table `cambios_jugador`
--

LOCK TABLES `cambios_jugador` WRITE;
/*!40000 ALTER TABLE `cambios_jugador` DISABLE KEYS */;
/*!40000 ALTER TABLE `cambios_jugador` ENABLE KEYS */;
UNLOCK TABLES;

--
-- Dumping data for table `ciudad`
--

LOCK TABLES `ciudad` WRITE;
/*!40000 ALTER TABLE `ciudad` DISABLE KEYS */;
INSERT INTO `ciudad` VALUES (1,'Juan Jose Castelli','Chaco','Argentina','NEA'),(2,'Miraflores','Chaco','Argentina','NEA'),(3,'P. Roque Saenz PeÇña','Chaco','Argentina','NEA'),(4,'Resistencia','Chaco','Argentina','NEA'),(5,'Quitilipi','Chaco','Argentina','NEA'),(6,'Fuerte Esperanza','Chaco','Argentina','NEA'),(7,'Las Palmas','Chaco','Argentina','NEA'),(8,'Charata','Chaco','Argentina','NEA'),(9,'Villa Angela','Chaco','Argentina','NEA'),(10,'Las Garcitas','Chaco','Argentina','NEA'),(11,'Isla del Cerrito','Chaco','Argentina','NEA'),(12,'Coronel Du Graty','Chaco','Argentina','NEA'),(13,'Samuhu','Chaco','Argentina','NEA'),(15,'Basail','Chaco','Argentina','NEA'),(16,'Puerto Vilelas','Chaco','Argentina','NEA'),(17,'Barranqueras','Chaco','Argentina','NEA'),(18,'General Capdevila','Chaco','Argentina','NEA'),(19,'San Bernardo','Chaco','Argentina','NEA'),(20,'Puerto Bermejo','Chaco','Argentina','NEA'),(21,'P. de la Plaza','Chaco','Argentina','NEA'),(22,'Gral. San Mart¡n','Chaco','Argentina','NEA'),(23,'Presidencia Roca','Chaco','Argentina','NEA'),(24,'Pampa del Indio','Chaco','Argentina','NEA'),(25,'Tres Isletas','Chaco','Argentina','NEA'),(26,'V. R¡o Bermejito','Chaco','Argentina','NEA'),(27,'M. Nueva Pompeya','Chaco','Argentina','NEA'),(28,'El Sauzalito','Chaco','Argentina','NEA'),(29,'Colonia Benitez','Chaco','Argentina','NEA'),(30,'Colonias Elisa','Chaco','Argentina','NEA'),(31,'General Vedia','Chaco','Argentina','NEA'),(32,'Chorotis','Chaco','Argentina','NEA'),(33,'Santa Sylvina','Chaco','Argentina','NEA'),(34,'Hermoso Campo','Chaco','Argentina','NEA'),(35,'Fontana','Chaco','Argentina','NEA'),(36,'Cote Lai','Chaco','Argentina','NEA'),(37,'Enrique Urien','Chaco','Argentina','NEA'),(38,'Puerto Tirol','Chaco','Argentina','NEA'),(39,'Charadai','Chaco','Argentina','NEA'),(40,'Colonia Popular','Chaco','Argentina','NEA'),(41,'Margarita Bel‚n','Chaco','Argentina','NEA'),(42,'La Leonesa','Chaco','Argentina','NEA'),(43,'Makalle','Chaco','Argentina','NEA'),(44,'Laguna Blanca','Chaco','Argentina','NEA'),(45,'Lapachito','Chaco','Argentina','NEA'),(46,'La Clotilde','Chaco','Argentina','NEA'),(47,'Gancedo','Chaco','Argentina','NEA'),(48,'La Escondida','Chaco','Argentina','NEA'),(49,'Villa Berthet','Chaco','Argentina','NEA'),(50,'La Verde','Chaco','Argentina','NEA'),(51,'La Tigra','Chaco','Argentina','NEA'),(52,'General Pinedo','Chaco','Argentina','NEA'),(53,'Capit n Solari','Chaco','Argentina','NEA'),(54,'Charata','Chaco','Argentina','NEA'),(55,'Campo Largo','Chaco','Argentina','NEA'),(56,'Corzuela','Chaco','Argentina','NEA'),(57,'Las Bre¤as','Chaco','Argentina','NEA'),(58,'Puerto Eva Per¢n','Chaco','Argentina','NEA'),(59,'Napenay','Chaco','Argentina','NEA'),(60,'La Eduvigis','Chaco','Argentina','NEA'),(61,'Pampa Almir¢n','Chaco','Argentina','NEA'),(62,'Ciervo Petiso','Chaco','Argentina','NEA'),(63,'Avia Terai','Chaco','Argentina','NEA'),(64,'Laguna Limpia','Chaco','Argentina','NEA'),(65,'Machagai','Chaco','Argentina','NEA'),(66,'Concepci¢n del Bermejo','Chaco','Argentina','NEA'),(67,'Pampa del Infierno','Chaco','Argentina','NEA'),(68,'Los Frentones','Chaco','Argentina','NEA'),(69,'Taco Pozo','Chaco','Argentina','NEA'),(70,'Colonias Unidas','Chaco','Argentina','NEA');
/*!40000 ALTER TABLE `ciudad` ENABLE KEYS */;
UNLOCK TABLES;

--
-- Dumping data for table `cuerpo_arbitros`
--

LOCK TABLES `cuerpo_arbitros` WRITE;
/*!40000 ALTER TABLE `cuerpo_arbitros` DISABLE KEYS */;
INSERT INTO `cuerpo_arbitros` VALUES (1,23621644,32930976,30676077),(2,24504420,37516554,26734847),(3,30606064,40192985,34433402),(4,29126628,31957324,36969775),(5,32674303,31848210,39257206),(6,23237675,30676077,26734847),(7,27727807,34433402,36969775),(8,24800142,36969775,35831567),(9,30803585,41920292,28796770),(10,31883018,31504515,31504515),(11,33491020,25177134,25177134),(12,38907553,30566576,30098405);
/*!40000 ALTER TABLE `cuerpo_arbitros` ENABLE KEYS */;
UNLOCK TABLES;

--
-- Dumping data for table `directores_tecnicos`
--

LOCK TABLES `directores_tecnicos` WRITE;
/*!40000 ALTER TABLE `directores_tecnicos` DISABLE KEYS */;
INSERT INTO `directores_tecnicos` VALUES (23407982,'Elmo Sosa',31,'1988-09-09'),(23489295,'Sean Marks',27,'2002-04-22'),(24647398,'Kyla Olsen',25,'2001-03-02'),(28644546,'Hillary Olson',7,'1996-04-28'),(28670963,'Silas Curtis',2,'1991-03-01'),(28857391,'Nadine Giles',30,'1991-11-15'),(28951695,'Asher York',58,'2003-04-27'),(30340086,'Quin Woodard',9,'1996-09-11'),(31101737,'Samantha Haney',1,'1986-07-01'),(31313357,'Kieran Perez',16,'1986-04-07'),(31933816,'Laith Joyce',64,'1990-08-01'),(35462740,'Lillian Bowers',5,'1992-06-20'),(35669386,'Iliana Hobbs',38,'2001-01-01'),(35676568,'Sonia Hunt',1,'2002-10-06'),(36135688,'Jerry Logan',28,'1998-07-08'),(36944589,'Odysseus Wiggins',4,'1994-01-11'),(37511027,'Sade Rios',22,'1993-11-05'),(38113311,'Yvonne Houston',3,'1996-05-14'),(38285677,'Yuli Tate',10,'1987-08-01'),(38996174,'Zoe Cash',41,'1984-10-05'),(40746438,'Wang Ruiz',42,'2003-05-22'),(40947093,'Hermione Kemp',21,'2003-06-20'),(41473837,'Erica Gallegos',3,'2003-04-17'),(41755103,'Asher Day',21,'2000-08-11');
/*!40000 ALTER TABLE `directores_tecnicos` ENABLE KEYS */;
UNLOCK TABLES;

--
-- Dumping data for table `equipos`
--

LOCK TABLES `equipos` WRITE;
/*!40000 ALTER TABLE `equipos` DISABLE KEYS */;
INSERT INTO `equipos` VALUES (1,'Club Bancarios',2,18,35676568,6),(2,'Futbol Club Barberan',3,17,31101737,18),(3,'Atletico Central Benitez',5,18,28670963,9),(4,'Atletico Central Norte',7,18,38285677,12),(5,'Chaco For Ever',1,20,41473837,4),(6,'Universidad del Nordeste',4,18,38113311,2),(7,'Defensores de Vilelas',2,18,35462740,21),(8,'S y Deportivo Guiraldes',1,18,28644546,16),(9,'Los Tobas FC',54,18,37511027,8),(10,'Los Qom United',38,18,36135688,24),(11,'Los Pilaga Stars',70,18,24647398,1),(12,'Los Wichi Warriors',23,18,23489295,17),(13,'Resistencia FC',9,18,28951695,11),(14,'Los Algarrobos United',19,18,35669386,14),(15,'Rio Bermejo FC',64,18,30340086,22),(16,'Isla del Cerrito FC',18,18,36944589,10),(17,'Saenz Pena Stars',3,18,28857391,19),(18,'Roque Saenz Pena FC',10,18,31933816,23),(19,'Charata United',24,18,40947093,15),(20,'Villa Angela FC',9,18,40746438,7),(21,'General Pinedo Stars',18,18,38996174,3),(22,'Quitilipi United',5,18,41755103,5),(23,'El Impenetrable FC',2,18,23407982,13),(24,'Los Diablos de Chaco',1,18,31313357,20);
/*!40000 ALTER TABLE `equipos` ENABLE KEYS */;
UNLOCK TABLES;

--
-- Dumping data for table `estadios`
--

LOCK TABLES `estadios` WRITE;
/*!40000 ALTER TABLE `estadios` DISABLE KEYS */;
INSERT INTO `estadios` VALUES (1,'Arenero',5,30000),(2,'Olimpic',6,23000),(3,'Coliseo',2,36000),(4,'El forestal',3,10000),(5,'Toba Arena',54,25000),(6,'Qom Stadium',38,10000),(7,'Pilaga Park',70,15000),(8,'Wichi Stadium',23,17000),(9,'Resistencia Arena',4,35000),(10,'Algarrobos Park',19,22000),(11,'Bermejo Stadium',64,8000),(12,'Cerrito Arena',18,4000),(13,'Saenz Pena Stadium',3,14000),(14,'Roque Saenz Pena Arena',3,30000),(15,'Charata Stadium',8,21000),(16,'Villa Angela Arena',9,9000),(17,'General Pinedo Stadium',44,13000),(18,'Quitilipi Park',5,15000),(19,'El Impenetrable Arena',1,21000),(20,'Diablos Stadium',1,45000),(21,'Stamford Bridge',34,12000),(22,'Johan Cruyff',21,11000),(23,'Mineirao',15,21000),(24,'Monumental',16,36000);
/*!40000 ALTER TABLE `estadios` ENABLE KEYS */;
UNLOCK TABLES;

--
-- Dumping data for table `goles`
--

LOCK TABLES `goles` WRITE;
/*!40000 ALTER TABLE `goles` DISABLE KEYS */;
INSERT INTO `goles` VALUES (1,26729076,1,5.15,'ASISTENCIA'),(2,31434451,1,75.20,'ASISTENCIA'),(3,30841518,1,85.52,'ASISTENCIA'),(4,23445569,2,25.30,'ASISTENCIA'),(5,32720067,2,85.25,'TIRO LIBRE'),(6,34521067,2,87.25,'ASISTENCIA'),(7,26530535,3,10.15,'PENAL'),(8,40225176,3,35.45,'ASISTENCIA'),(9,37380067,3,47.45,'TIRO LIBRE'),(10,33258085,5,15.25,'PENAL'),(11,32791142,5,49.25,'ASISTENCIA'),(12,36672365,5,65.25,'TIRO LIBRE'),(13,35316431,7,35.50,'ASISTENCIA'),(14,34861448,7,55.25,'ASISTENCIA'),(15,31957085,7,90.25,'ASISTENCIA'),(16,30226407,8,12.25,'PENAL'),(17,36484871,8,25.45,'ASISTENCIA'),(18,39361791,8,65.25,'ASISTENCIA'),(19,35635798,8,75.25,'PENAL'),(20,35737662,8,79.25,'ASISTENCIA'),(21,35635798,8,86.25,'TIRO LIBRE'),(22,35737662,8,93.32,'ASISTENCIA'),(23,31021966,9,15.12,'ASISTENCIA'),(24,33453797,10,30.25,'ASISTENCIA'),(25,30226778,10,46.25,'ASISTENCIA'),(26,25555448,10,70.25,'ASISTENCIA'),(27,33453797,10,85.25,'PENAL'),(28,32965945,11,5.25,'ASISTENCIA'),(29,24491272,11,20.12,'ASISTENCIA'),(30,41448836,11,35.25,'TIRO LIBRE'),(31,41448836,11,85.25,'ASISTENCIA'),(32,31719873,12,12.25,'ASISTENCIA'),(33,31318776,12,52.21,'ASISTENCIA'),(34,39275000,12,65.12,'ASISTENCIA'),(35,24387300,12,68.45,'ASISTENCIA'),(36,31719873,12,86.25,'ASISTENCIA'),(37,34374434,13,14.15,'ASISTENCIA'),(38,31712740,13,18.15,'ASISTENCIA'),(39,34427153,13,35.15,'ASISTENCIA'),(40,31712740,13,45.25,'PENAL'),(41,31712740,13,75.25,'TIRO LIBRE'),(42,25283137,14,15.35,'ASISTENCIA'),(43,25283137,14,65.25,'ASISTENCIA'),(44,33713847,15,25.25,'ASISTENCIA'),(45,34471259,16,11.20,'ASISTENCIA'),(46,30208136,16,25.25,'ASISTENCIA'),(47,28498034,16,32.25,'TIRO LIBRE'),(48,24654706,16,55.25,'ASISTENCIA'),(49,35635798,16,58.14,'PENAL'),(50,24654706,16,63.28,'ASISTENCIA'),(51,35635798,16,75.19,'TIRO LIBRE'),(52,35635798,16,80.35,'ASISTENCIA'),(53,36672365,17,45.35,'ASISTENCIA'),(54,34427153,18,75.25,'ASISTENCIA'),(55,34427153,18,85.25,'TIRO LIBRE'),(56,30351132,19,24.27,'ASISTENCIA'),(57,39361791,20,35.57,'ASISTENCIA'),(58,40315616,20,48.24,'ASISTENCIA'),(59,28336927,20,55.34,'PENAL'),(60,24387300,20,63.31,'ASISTENCIA'),(61,27305362,20,67.25,'ASISTENCIA'),(62,39361791,20,78.21,'PENAL'),(63,40315616,20,79.59,'ASISTENCIA'),(64,26507621,21,14.15,'TIRO LIBRE'),(65,33178315,21,85.23,'ASISTENCIA'),(66,34037264,22,32.12,'ASISTENCIA'),(67,31793257,22,48.25,'ASISTENCIA'),(68,32984561,22,75.14,'ASISTENCIA'),(69,23911736,22,81.29,'ASISTENCIA'),(70,36804970,22,87.14,'PENAL'),(71,34288360,23,47.15,'ASISTENCIA'),(72,30389762,23,58.32,'ASISTENCIA'),(73,34408692,23,65.42,'TIRO LIBRE'),(74,31407390,23,75.39,'ASISTENCIA'),(75,30184365,24,15.42,'ASISTENCIA'),(76,32293406,24,47.28,'ASISTENCIA'),(77,33106461,24,63.25,'ASISTENCIA');
/*!40000 ALTER TABLE `goles` ENABLE KEYS */;
UNLOCK TABLES;

--
-- Dumping data for table `jugadores`
--

LOCK TABLES `jugadores` WRITE;
/*!40000 ALTER TABLE `jugadores` DISABLE KEYS */;
INSERT INTO `jugadores` VALUES (23147858,'Elaine Burns','1998-05-23',23,'ARQUERO',9,2.01,90.85),(23202471,'Mason Puckett','1989-10-24',7,'DEFENSOR',62,1.82,99.16),(23230480,'Palmer Fuller','2000-05-09',24,'ARQUERO',1,2.02,77.56),(23407982,'Elmo Sosa','1988-09-09',6,'MEDIOCAMPISTA',16,1.81,94.40),(23419299,'Adara Morgan','2004-03-22',20,'MEDIOCAMPISTA',28,1.76,84.91),(23428060,'Karly Hanson','1985-02-12',1,'DEFENSOR',22,2.01,94.70),(23445569,'Josiah Riley','1992-08-11',2,'DEFENSOR',28,2.02,81.92),(23453984,'Alexa Dixon','2003-02-17',2,'ARQUERO',34,1.76,91.88),(23493157,'Eric Slater','2004-01-30',8,'DEFENSOR',68,1.83,94.73),(23723604,'Rose Martin','1989-01-09',5,'DELANTERO',18,1.81,84.55),(23754311,'Sandra Mejia','1985-11-20',8,'DEFENSOR',55,2.07,82.62),(23765021,'Hu Orr','1990-09-07',21,'DELANTERO',1,2.02,77.56),(23850789,'Harrison Howell','1994-12-16',24,'DELANTERO',28,2.02,81.92),(23911736,'Tatiana Cook','1993-02-12',21,'DEFENSOR',41,2.03,98.14),(24132961,'Grady Chambers','2003-09-30',3,'DEFENSOR',23,1.78,75.49),(24169591,'Minerva Sargent','1992-11-07',1,'MEDIOCAMPISTA',58,2.02,96.57),(24242477,'Dillon Black','2001-05-30',9,'DELANTERO',52,1.85,78.09),(24261145,'Beck Cohen','1994-12-22',7,'DELANTERO',64,2.08,93.47),(24301824,'Steven Clements','2002-11-24',5,'DELANTERO',51,2.06,85.76),(24380864,'Orlando Tillman','1988-06-10',23,'DELANTERO',4,2.01,92.93),(24387300,'Leslie Ball','2001-06-21',24,'DELANTERO',8,2.03,80.29),(24396512,'Mary Guzman','1987-08-10',7,'DEFENSOR',58,1.82,89.28),(24448397,'Thaddeus Gillespie','2004-03-05',9,'MEDIOCAMPISTA',56,1.84,94.63),(24455952,'Nita Horton','2003-08-28',4,'MEDIOCAMPISTA',34,2.04,86.94),(24491272,'Yasir Higgins','2000-04-10',23,'DELANTERO',58,2.02,96.57),(24585812,'Gillian Farley','1992-12-04',3,'DEFENSOR',19,1.78,98.78),(24637833,'Kenyon Mack','2003-08-25',2,'ARQUERO',21,2.01,77.03),(24654706,'Harriet Lynn','1985-10-15',20,'DELANTERO',21,1.77,86.93),(24821136,'Vance Conley','1987-01-10',20,'MEDIOCAMPISTA',41,2.01,92.93),(24855641,'Orli Bryan','1999-08-29',20,'MEDIOCAMPISTA',2,1.76,91.75),(24970185,'Charles Sharp','1987-12-15',10,'DEFENSOR',53,1.85,93.01),(24978456,'Nathaniel Rose','1990-02-26',22,'DELANTERO',3,2.04,96.36),(25223109,'Kitra Dyer','2001-04-25',24,'DEFENSOR',4,1.77,89.63),(25223280,'Anika Ramirez','1998-05-08',22,'MEDIOCAMPISTA',64,2.03,94.62),(25283137,'Felicia Hahn','1990-11-15',24,'DELANTERO',45,2.02,80.25),(25350244,'Walker Donovan','1991-01-05',24,'MEDIOCAMPISTA',21,2.01,77.03),(25479496,'Signe White','1991-02-17',9,'MEDIOCAMPISTA',45,2.10,93.33),(25555448,'Maggy Bender','1993-08-31',22,'DELANTERO',1,1.79,76.49),(25581746,'Rashad Dennis','2002-09-24',22,'MEDIOCAMPISTA',9,2.03,76.90),(25613006,'Igor Mcdowell','2003-09-25',10,'ARQUERO',49,1.84,79.51),(25667875,'Dean Powell','1992-04-18',2,'DELANTERO',49,1.78,95.45),(25811170,'Karleigh Small','2003-10-07',9,'DEFENSOR',15,2.08,99.52),(25843578,'Flynn Lyons','2004-03-15',4,'DELANTERO',33,1.80,81.43),(25874286,'Zane Dean','1991-03-17',7,'MEDIOCAMPISTA',1,1.82,96.60),(26207985,'Dacey Gonzalez','1984-12-24',8,'MEDIOCAMPISTA',9,1.83,94.58),(26420362,'Winifred Carlson','1999-04-19',24,'MEDIOCAMPISTA',41,2.03,98.14),(26506919,'Jamal Bond','1989-10-29',24,'DELANTERO',56,1.77,78.54),(26507621,'Basil Craft','2002-04-23',9,'DEFENSOR',10,1.84,84.13),(26530535,'Garrison Garrett','1995-07-25',3,'MEDIOCAMPISTA',10,1.78,81.92),(26579508,'Leonard Wright','1993-05-22',4,'ARQUERO',15,1.78,93.79),(26625915,'Madaline Villarreal','1993-04-09',21,'MEDIOCAMPISTA',22,1.77,93.96),(26659470,'Barrett Webster','1997-01-02',10,'DEFENSOR',9,2.09,83.61),(26698329,'Amethyst Mccarty','1989-01-29',22,'MEDIOCAMPISTA',19,1.78,98.78),(26705225,'Quemby Franks','1992-02-19',1,'ARQUERO',1,1.75,96.42),(26706240,'Clayton Goff','1989-07-03',23,'DELANTERO',28,1.76,84.91),(26729076,'Molly Frank','1988-09-23',1,'DELANTERO',64,1.77,93.65),(26733515,'Peter French','1994-11-04',2,'MEDIOCAMPISTA',1,2.02,77.56),(26778280,'Ciaran Sherman','2003-07-02',23,'DELANTERO',55,1.77,86.93),(26832669,'Abigail Mccarty','2002-08-28',20,'DELANTERO',9,2.01,90.85),(26836485,'Hiroko Kent','1999-10-22',9,'DEFENSOR',59,1.84,87.60),(26852573,'Alyssa Buchanan','2003-06-30',21,'DEFENSOR',41,1.76,91.88),(27000508,'Channing Watson','2002-08-26',5,'MEDIOCAMPISTA',55,2.05,86.93),(27241944,'Ethan Klein','1985-04-03',9,'DELANTERO',36,1.85,80.39),(27258469,'Joseph Byrd','2003-08-13',2,'DEFENSOR',22,1.77,93.96),(27305362,'Clio Spence','1986-04-19',24,'DELANTERO',61,1.77,91.26),(27340156,'Dylan Robertson','2001-07-18',3,'DELANTERO',1,1.80,90.65),(27444773,'Lillian Mckee','2001-04-14',21,'MEDIOCAMPISTA',56,1.77,78.54),(27510683,'Janna Mccullough','1984-10-27',5,'DEFENSOR',60,1.80,78.76),(27549151,'Ivan Washington','1987-09-07',2,'DELANTERO',25,2.03,94.08),(27678801,'Jakeem Webb','1986-03-28',24,'DEFENSOR',30,2.02,87.67),(27768770,'Dawn Carlson','1993-05-10',9,'ARQUERO',40,2.09,93.26),(27809933,'Maxine Knapp','2002-07-08',5,'MEDIOCAMPISTA',8,2.05,80.31),(28148587,'Jonas Bowen','1994-04-18',4,'DEFENSOR',66,2.03,92.28),(28255514,'Elliott Williams','2003-06-30',10,'MEDIOCAMPISTA',29,2.11,94.80),(28333871,'Barrett Dunn','1997-08-20',8,'DELANTERO',51,2.09,76.60),(28336927,'Reece Wilkins','1991-04-28',8,'DELANTERO',52,1.84,95.91),(28459743,'Philip Flores','1989-05-04',24,'MEDIOCAMPISTA',31,2.02,94.48),(28496483,'Simon Sanchez','1998-07-04',5,'MEDIOCAMPISTA',51,1.80,75.81),(28498034,'Imani Ortega','1988-04-24',4,'DELANTERO',49,2.06,82.76),(28573646,'Zena Richardson','1987-11-23',23,'DELANTERO',22,2.01,94.70),(28664296,'Cody Smith','1998-02-19',4,'ARQUERO',55,2.04,92.21),(28666147,'Charissa Steele','1985-09-25',21,'MEDIOCAMPISTA',28,2.02,81.92),(28690370,'Ava Workman','2003-04-09',1,'DELANTERO',31,2.02,94.48),(28691276,'Baker Gilliam','2001-10-24',23,'DELANTERO',2,1.76,91.75),(28751865,'Dane Hardy','1996-02-05',3,'MEDIOCAMPISTA',18,1.79,88.25),(28796770,'Iola Rush','1998-05-13',6,'DELANTERO',46,1.83,98.70),(28835080,'Justine Vega','1984-08-07',4,'DELANTERO',10,1.81,89.48),(28857391,'Nadine Giles','1991-11-15',6,'DEFENSOR',3,1.81,86.30),(28875143,'Daniel Maldonado','1997-12-08',4,'DEFENSOR',62,1.79,98.82),(28903173,'Amity Walter','1994-09-07',24,'ARQUERO',12,2.10,98.55),(29102763,'Kylan Kidd','1999-11-27',24,'MEDIOCAMPISTA',24,1.76,91.88),(29126133,'Carissa Clay','1989-10-14',23,'DEFENSOR',55,2.04,92.21),(29449349,'Audra George','1989-08-16',3,'ARQUERO',54,2.03,86.91),(29504102,'Jonah Cardenas','1994-12-10',3,'ARQUERO',38,1.77,81.54),(29670685,'Denton Foster','1991-07-20',21,'DEFENSOR',31,2.02,94.48),(29823010,'Isaac Williamson','1987-06-27',23,'MEDIOCAMPISTA',58,1.79,94.08),(29984176,'Patience Tran','1988-08-14',22,'DELANTERO',49,1.78,95.45),(30094975,'Kristen Gonzales','1998-02-17',7,'DELANTERO',27,1.83,98.56),(30095729,'Aiko Sweet','1987-02-07',21,'DELANTERO',65,2.03,80.29),(30126929,'Fallon Bates','1985-09-04',7,'ARQUERO',21,2.07,87.38),(30135490,'Miranda Stuart','1993-10-16',16,'DEFENSOR',31,2.17,83.53),(30136712,'Honorato Mcpherson','1986-01-18',19,'DEFENSOR',9,2.03,76.90),(30151061,'Lydia Taylor','2000-03-24',19,'DEFENSOR',34,2.02,84.01),(30153682,'Ethan Villarreal','1990-01-14',18,'MEDIOCAMPISTA',62,1.78,83.90),(30159390,'Warren Carson','1990-06-14',15,'DEFENSOR',12,1.91,85.22),(30167150,'Shaine Jennings','1985-11-20',18,'DEFENSOR',56,1.77,78.54),(30184365,'Charissa Schroeder','1989-05-04',12,'MEDIOCAMPISTA',2,1.87,90.69),(30184542,'Perry Branch','2004-03-05',15,'DEFENSOR',7,2.16,96.88),(30185011,'Malcolm Tanner','1992-07-29',13,'DEFENSOR',24,2.13,82.65),(30193319,'Desiree Hopper','1999-09-12',22,'ARQUERO',41,2.03,87.80),(30196558,'Nehru Schmidt','1989-10-24',17,'ARQUERO',27,1.75,96.42),(30208136,'Whitney Kirby','1992-06-28',4,'DELANTERO',43,2.05,87.63),(30226407,'Jakeem Hansen','2000-05-26',8,'ARQUERO',50,1.82,90.92),(30226778,'Carol Stout','2003-11-04',22,'DELANTERO',44,2.04,93.13),(30248019,'Marsden Zamora','1987-09-17',20,'DELANTERO',62,2.05,80.84),(30297247,'Chantale Watts','2002-06-10',3,'DELANTERO',30,1.79,92.74),(30301330,'Evangeline Small','1991-03-17',17,'MEDIOCAMPISTA',34,1.77,86.93),(30316235,'Akeem Dominguez','1998-09-22',10,'MEDIOCAMPISTA',43,2.10,87.23),(30316591,'Nicole Rutledge','1997-12-22',18,'DELANTERO',52,2.03,87.80),(30321633,'Anika Douglas','1985-05-02',2,'MEDIOCAMPISTA',61,1.77,91.26),(30336113,'Kyra Mccormick','1995-11-07',7,'MEDIOCAMPISTA',25,2.07,94.56),(30336699,'Lesley Anderson','1996-11-03',13,'MEDIOCAMPISTA',27,1.88,89.19),(30340086,'Quin Woodard','1996-09-11',6,'ARQUERO',9,1.80,80.12),(30341719,'Chelsea Hardy','1984-08-31',10,'MEDIOCAMPISTA',46,1.85,87.51),(30351132,'Hop Roach','1990-12-07',16,'DELANTERO',13,2.16,83.53),(30385225,'Uta Thompson','1984-11-23',16,'DELANTERO',27,2.16,79.06),(30386953,'Ulric Jimenez','1996-01-05',4,'DELANTERO',44,2.05,99.33),(30389762,'Lucius Meyer','1988-07-05',11,'MEDIOCAMPISTA',28,2.11,95.02),(30395968,'Isabella Lancaster','1988-10-25',13,'DELANTERO',61,1.89,82.97),(30419157,'Dai Barry','1993-08-31',11,'MEDIOCAMPISTA',25,1.87,82.46),(30442449,'Moses Duncan','1994-10-20',9,'MEDIOCAMPISTA',49,2.09,98.55),(30447170,'Thaddeus Alexander','1985-10-24',9,'DELANTERO',15,2.10,77.32),(30459459,'Lionel Pruitt','1995-11-01',9,'DEFENSOR',46,2.09,91.10),(30481397,'Signe Horn','2001-03-28',9,'DELANTERO',7,1.86,92.56),(30481598,'Timon Valdez','1988-07-05',23,'DEFENSOR',62,2.05,80.84),(30508979,'Xavier Bauer','1984-07-23',8,'DELANTERO',28,2.09,84.06),(30533618,'Martha Bird','1989-03-22',2,'DELANTERO',28,1.79,85.57),(30576376,'Prescott Best','1994-05-26',23,'MEDIOCAMPISTA',44,2.00,77.12),(30582913,'Charles Sharp','1991-06-30',11,'DEFENSOR',11,1.86,93.20),(30710668,'Nehru Schmidt','2000-04-23',14,'DEFENSOR',22,1.90,77.96),(30716707,'Cherokee Sweet','1999-11-12',18,'MEDIOCAMPISTA',21,2.03,80.29),(30745817,'Magee Beard','1991-08-17',12,'ARQUERO',33,2.12,80.08),(30807896,'Brennan Lowe','2002-01-10',19,'DELANTERO',30,1.79,92.74),(30812180,'Roth Lamb','1984-12-24',18,'DELANTERO',25,2.03,94.08),(30827349,'Jesse Hurley','1997-03-03',7,'DELANTERO',39,2.08,88.76),(30839361,'Charles Collier','2001-04-23',18,'MEDIOCAMPISTA',34,1.78,77.50),(30841518,'Knox Combs','2002-11-23',13,'DELANTERO',53,1.89,98.77),(30848759,'Barbara Beach','1985-06-11',2,'MEDIOCAMPISTA',41,2.03,80.29),(30862825,'Rajah Dalton','1997-01-24',14,'DEFENSOR',4,2.15,90.75),(30874665,'Claudia Zimmerman','1990-01-14',8,'DEFENSOR',37,2.08,79.01),(30879997,'Sydnee Bates','1986-01-16',17,'MEDIOCAMPISTA',4,1.77,89.63),(30917785,'Nasim Moody','1993-05-10',19,'DEFENSOR',19,1.78,98.78),(31021966,'Austin Solomon','1996-08-27',21,'DELANTERO',61,1.77,91.26),(31026485,'Palmer Farmer','1996-08-27',10,'DELANTERO',23,2.12,79.57),(31053079,'Hunter Oneal','2000-08-26',15,'MEDIOCAMPISTA',33,1.91,82.61),(31108543,'Dora Orr','1998-09-08',14,'MEDIOCAMPISTA',28,2.16,93.65),(31117036,'Kim Barnett','1986-03-28',12,'DEFENSOR',1,1.87,82.59),(31148392,'Zachery Donovan','1993-08-02',3,'MEDIOCAMPISTA',3,2.04,96.36),(31202516,'Jessamine Mclaughlin','1989-10-29',12,'DELANTERO',26,2.13,91.01),(31216851,'Abigail Mccarty','1994-12-16',12,'DELANTERO',49,1.89,75.96),(31259875,'Igor Mcdowell','2001-09-27',11,'ARQUERO',5,1.85,87.28),(31293939,'Tiger Robertson','1993-12-11',6,'DELANTERO',9,1.82,82.37),(31304183,'Rajah Dalton','1992-05-11',17,'ARQUERO',44,2.00,77.12),(31313357,'Kieran Perez','1986-04-07',6,'MEDIOCAMPISTA',45,2.06,80.70),(31318776,'Hedda Edwards','2001-06-21',12,'DELANTERO',37,1.88,92.55),(31321408,'Sybil Phelps','1996-09-15',14,'DEFENSOR',23,2.14,91.12),(31342291,'Hedy Farley','1997-10-31',22,'ARQUERO',25,1.79,85.57),(31354094,'Alvin Velasquez','1991-02-17',19,'DELANTERO',21,1.79,76.49),(31376553,'Sonia Pope','1993-05-18',7,'MEDIOCAMPISTA',64,2.08,82.56),(31379261,'Rae Underwood','1995-10-10',13,'MEDIOCAMPISTA',24,1.89,76.32),(31389914,'Irene Norton','1987-06-27',11,'DELANTERO',3,1.88,81.71),(31407390,'Nina Woods','1997-03-03',17,'MEDIOCAMPISTA',9,2.01,90.85),(31425633,'Nasim Moody','1993-12-22',11,'DELANTERO',38,1.87,79.42),(31434451,'Joy Cross','2002-07-26',13,'MEDIOCAMPISTA',29,2.13,82.82),(31455859,'Miriam Mccall','2004-02-26',16,'DEFENSOR',70,1.93,94.32),(31483615,'Shannon Nunez','2001-04-04',16,'DEFENSOR',12,1.92,94.94),(31504515,'Branden Webster','1988-06-02',6,'DELANTERO',9,2.08,92.24),(31505024,'Nell Jenkins','1985-04-03',20,'ARQUERO',55,2.04,92.21),(31526885,'Rylee Harris','1998-02-27',13,'MEDIOCAMPISTA',33,2.13,98.41),(31559102,'Lillian Mckee','1990-09-07',10,'DELANTERO',64,1.86,86.42),(31579213,'Kristen Leonard','1997-01-02',21,'DELANTERO',64,1.77,93.65),(31580849,'Quynn Meadows','2002-01-02',14,'DELANTERO',54,1.90,79.34),(31588899,'Logan Neal','1995-02-04',5,'MEDIOCAMPISTA',3,2.06,78.28),(31596309,'Juliet Frederick','1985-03-10',22,'MEDIOCAMPISTA',23,1.78,75.49),(31607629,'Dieter Gutierrez','1994-08-22',20,'MEDIOCAMPISTA',5,2.00,77.12),(31623236,'Gray Riddle','2000-04-22',8,'MEDIOCAMPISTA',20,2.08,77.16),(31647196,'Natalie Combs','1987-10-27',15,'MEDIOCAMPISTA',13,2.17,88.50),(31647440,'Gannon Short','1995-06-03',7,'DELANTERO',38,2.09,80.52),(31692587,'Ayanna Talley','1990-04-05',13,'ARQUERO',6,1.87,93.50),(31712740,'Julie Blanchard','1998-06-21',1,'DELANTERO',41,2.03,98.14),(31719873,'Phelan Hendrix','1990-09-14',12,'DELANTERO',6,2.14,83.99),(31722493,'Marah Mcguire','1990-03-02',5,'DEFENSOR',48,2.04,88.89),(31752883,'Cheryl Barber','1991-02-26',5,'DELANTERO',52,1.82,97.98),(31773905,'Jane Grant','1995-11-01',19,'MEDIOCAMPISTA',10,1.78,81.92),(31774191,'Orli Bryan','1997-08-20',12,'MEDIOCAMPISTA',30,2.13,85.98),(31777188,'Sybil Phelps','1993-07-07',19,'DEFENSOR',23,1.78,75.49),(31793257,'Rowan Riley','1994-04-23',10,'DELANTERO',55,1.86,75.91),(31801829,'Tate Roberts','1987-09-02',23,'MEDIOCAMPISTA',66,2.03,92.28),(31807590,'Rigel Schneider','1987-10-20',15,'DELANTERO',60,1.91,83.43),(31807638,'Kennan Sheppard','1992-11-13',11,'DEFENSOR',43,1.86,80.23),(31839377,'Amethyst Mccarty','2003-02-19',22,'DEFENSOR',54,2.03,86.91),(31861047,'Stacy Franks','1987-07-29',16,'DELANTERO',33,1.90,86.61),(31883066,'Trevor O\'donnell','2004-03-05',19,'DELANTERO',2,2.04,82.83),(31904213,'Ethan Villarreal','1992-08-04',13,'DELANTERO',6,2.14,94.40),(31908397,'Linus Mccullough','1994-10-20',19,'DELANTERO',1,1.80,90.65),(31927092,'Hedy Farley','1989-10-12',22,'MEDIOCAMPISTA',8,2.02,84.01),(31931473,'Nina Woods','1999-12-02',14,'DELANTERO',68,2.14,76.00),(31933816,'Laith Joyce','1990-08-01',6,'DEFENSOR',60,2.06,77.04),(31957085,'Rama Hardin','1992-08-08',19,'ARQUERO',54,2.03,86.91),(31959667,'Justina Duke','1994-07-08',16,'DELANTERO',64,1.91,94.94),(31975294,'Tyrone Sandoval','2004-01-30',18,'DEFENSOR',28,2.02,81.92),(31987739,'Irma Forbes','2002-02-03',9,'MEDIOCAMPISTA',30,1.85,93.59),(31989757,'Pascale Kline','2001-06-23',15,'DELANTERO',22,1.90,95.26),(32033516,'MacKensie Rasmussen','1985-07-18',14,'DELANTERO',45,2.15,76.73),(32042748,'Chastity Merritt','1998-05-08',11,'ARQUERO',45,2.11,99.92),(32058713,'Blake Payne','2000-01-13',13,'DELANTERO',54,2.15,86.91),(32069910,'Dai Barry','1991-07-20',10,'MEDIOCAMPISTA',67,1.86,94.93),(32093617,'Jolene Duran','1995-09-07',15,'MEDIOCAMPISTA',43,1.92,87.36),(32101471,'Quynn Meadows','2002-07-08',17,'DELANTERO',64,1.77,93.65),(32157377,'Jorden Moody','2001-07-18',16,'MEDIOCAMPISTA',61,2.18,80.50),(32192323,'Cedric Jimenez','1997-01-13',3,'DELANTERO',49,1.79,88.07),(32205749,'Trevor Barber','2003-09-17',18,'ARQUERO',21,2.01,77.03),(32222564,'Keely Key','2000-12-31',19,'ARQUERO',38,1.77,81.54),(32259396,'Malik Gregory','1987-12-15',21,'ARQUERO',21,2.02,75.60),(32271562,'Martha Moses','1993-12-18',15,'MEDIOCAMPISTA',35,2.16,75.51),(32293406,'Adara Morgan','1999-11-27',12,'MEDIOCAMPISTA',21,2.12,95.44),(32340177,'Lucius Hess','1999-05-18',14,'MEDIOCAMPISTA',55,2.15,91.68),(32340974,'Elmo Aguirre','1998-09-22',16,'DEFENSOR',31,2.15,85.83),(32357039,'Quon Haynes','1998-02-17',17,'MEDIOCAMPISTA',38,1.76,98.13),(32399394,'Eleanor Rollins','1997-10-07',13,'DEFENSOR',32,1.88,95.01),(32450200,'Isabella Lancaster','2000-07-28',18,'MEDIOCAMPISTA',1,2.02,77.56),(32485655,'Garth Levy','1984-10-06',2,'DELANTERO',15,2.03,87.80),(32488971,'Kimberly Cummings','1990-05-23',7,'DELANTERO',30,1.83,76.89),(32510012,'Breanna Becker','2004-04-04',12,'DEFENSOR',5,2.12,87.78),(32517170,'Bert Roberts','1985-10-08',16,'DELANTERO',6,2.17,80.50),(32566543,'Abra Roman','1992-12-20',13,'DEFENSOR',32,1.88,80.94),(32571488,'Rowan Riley','1985-08-13',11,'DELANTERO',26,1.87,88.22),(32583586,'Ivan Meyer','1996-07-13',16,'DEFENSOR',27,2.17,95.39),(32583605,'Knox Combs','2000-05-26',18,'DEFENSOR',45,2.02,80.25),(32594785,'Dorothy Fleming','2000-07-28',8,'MEDIOCAMPISTA',69,1.84,77.31),(32595423,'Tanek O\'brien','1985-12-16',15,'MEDIOCAMPISTA',66,2.17,96.28),(32630612,'Madison Young','2000-09-24',15,'DEFENSOR',4,2.15,77.73),(32630869,'Alexa Blankenship','1990-09-24',23,'DEFENSOR',1,1.80,90.65),(32637020,'Rashad Dennis','1996-09-21',22,'DEFENSOR',49,1.78,76.67),(32638412,'Davis Randolph','1991-08-17',15,'DELANTERO',57,2.16,93.75),(32688021,'Chelsea Hardy','1990-09-24',11,'MEDIOCAMPISTA',11,1.86,78.86),(32719989,'Jaime Lowery','2004-01-18',15,'DEFENSOR',69,1.91,85.39),(32720067,'Wyatt Fox','1987-09-10',2,'MEDIOCAMPISTA',62,1.78,83.90),(32723082,'Blake Mcdaniel','1986-10-11',13,'MEDIOCAMPISTA',26,2.14,93.40),(32747552,'Jane Grant','1995-02-16',11,'DELANTERO',4,1.87,76.12),(32770012,'Shaine Jennings','2002-05-20',13,'DELANTERO',66,2.14,80.05),(32791142,'Fatima Cardenas','1993-06-21',5,'DEFENSOR',12,1.80,94.30),(32878759,'Roanna Delacruz','1990-05-30',13,'DEFENSOR',21,2.12,91.49),(32900690,'Armand Combs','1985-09-09',14,'MEDIOCAMPISTA',10,2.15,80.53),(32910841,'Gavin Burch','1990-05-23',17,'DELANTERO',42,1.78,95.21),(32931319,'Ursula Bradley','1999-04-29',13,'ARQUERO',35,2.13,75.73),(32965945,'Leonard Maldonado','1987-09-02',11,'DELANTERO',60,2.12,91.40),(32983242,'Briar Lancaster','2001-04-25',12,'DEFENSOR',51,2.11,75.78),(32984561,'Gil Cooke','2001-04-14',10,'DELANTERO',32,2.11,84.73),(33008509,'Brielle Ramirez','1993-12-22',18,'DELANTERO',31,2.02,94.48),(33030029,'Gavin Burch','1989-02-04',14,'DELANTERO',55,1.91,75.02),(33096743,'Barry Moss','1994-11-08',20,'DEFENSOR',55,1.75,96.42),(33100362,'Madeline Sweet','1999-04-10',16,'DELANTERO',49,1.92,83.93),(33106461,'Cheryl Puckett','1995-12-09',16,'MEDIOCAMPISTA',17,2.17,79.06),(33137819,'Whilemina Clarke','1988-08-06',16,'MEDIOCAMPISTA',62,2.16,85.83),(33144415,'Elliott Tran','1990-11-15',12,'DELANTERO',22,1.88,76.02),(33151229,'Breanna Burnett','1991-02-09',2,'DEFENSOR',56,1.77,78.54),(33166407,'Alyssa Williams','1984-07-23',18,'DELANTERO',57,1.79,85.57),(33167914,'Blake Payne','2001-01-26',18,'MEDIOCAMPISTA',61,1.77,91.26),(33172442,'Dora Orr','1993-05-18',17,'DEFENSOR',19,2.01,92.93),(33175337,'Xantha Sims','1994-07-03',3,'DELANTERO',62,2.05,80.84),(33176266,'Nell Alford','1991-04-28',19,'DELANTERO',27,2.04,89.04),(33178315,'Akeem Owen','2000-04-22',18,'DELANTERO',49,1.78,95.45),(33178794,'Deborah Clements','1993-01-06',15,'DELANTERO',49,2.16,85.70),(33225438,'Joy Cross','1992-01-19',18,'DEFENSOR',22,1.77,93.96),(33242471,'Caleb Garrison','1999-10-22',19,'MEDIOCAMPISTA',3,2.04,96.36),(33254748,'Sage Stanton','1985-11-17',17,'DELANTERO',57,1.77,81.72),(33258085,'Alec Lara','1986-05-22',5,'ARQUERO',8,2.05,79.37),(33364123,'Sydnee Bates','1992-12-02',14,'DELANTERO',44,1.90,93.17),(33375922,'Kamal Slater','1985-09-25',10,'DELANTERO',59,1.86,84.45),(33383539,'Sean Parrish','2000-04-24',15,'ARQUERO',18,1.90,99.06),(33384121,'Palmer Farmer','1994-04-23',21,'MEDIOCAMPISTA',45,2.02,80.25),(33399926,'Fredericka Cardenas','2001-01-08',5,'DELANTERO',68,2.06,86.23),(33419423,'Harriet Lynn','1994-04-24',12,'DELANTERO',51,2.13,91.85),(33437565,'Maggie Cervantes','1985-08-13',23,'DEFENSOR',49,1.79,88.07),(33453797,'Madaline Villarreal','1987-02-07',10,'DELANTERO',45,1.87,76.13),(33462621,'Akeem Dominguez','2003-11-04',11,'MEDIOCAMPISTA',18,2.11,80.49),(33465824,'Lane Velasquez','1999-02-10',17,'DELANTERO',41,2.03,98.14),(33469233,'Nina Pugh','2003-08-13',5,'MEDIOCAMPISTA',9,1.81,87.24),(33471025,'Barrett Webster','1990-02-26',11,'DEFENSOR',31,2.10,93.66),(33490413,'Caleb Garrison','1999-06-05',11,'DELANTERO',52,2.13,91.70),(33491020,'Axel Sawyer','1989-05-31',6,'DELANTERO',51,1.82,77.05),(33548814,'Evangeline Small','1995-12-05',14,'MEDIOCAMPISTA',68,1.90,95.52),(33575310,'Juliet Frederick','1999-01-26',22,'DEFENSOR',27,2.04,89.04),(33588623,'Dillon Elliott','1988-01-09',14,'DEFENSOR',49,1.90,78.60),(33702384,'Ulric Payne','1989-05-06',15,'MEDIOCAMPISTA',41,2.16,86.86),(33713847,'Desiree Hopper','1993-01-18',22,'DEFENSOR',38,1.77,81.54),(33714568,'Barry Moss','1999-01-02',12,'MEDIOCAMPISTA',11,2.12,86.13),(33741406,'McKenzie Gordon','1997-11-09',15,'DELANTERO',12,1.91,82.14),(33780802,'Duncan Conway','2003-03-20',16,'MEDIOCAMPISTA',52,1.91,86.61),(33790355,'Cherokee Sweet','1989-11-09',13,'DELANTERO',3,1.90,99.54),(33803411,'Armand Combs','1994-03-28',17,'MEDIOCAMPISTA',58,2.02,96.57),(33815953,'Kim Barnett','2001-03-28',20,'DEFENSOR',66,2.03,92.28),(33826051,'Tyrone Sandoval','1990-11-21',13,'DELANTERO',66,1.89,96.35),(33844827,'Tana Barrera','2000-03-24',8,'DELANTERO',22,1.84,79.76),(33926920,'Oprah Le','2002-04-23',19,'MEDIOCAMPISTA',24,2.03,88.84),(33987874,'Lane Velasquez','2003-09-13',15,'ARQUERO',23,2.16,84.27),(34002457,'Dieter Gutierrez','1999-04-19',12,'MEDIOCAMPISTA',54,1.88,81.79),(34017784,'Honorato Winters','1997-06-08',14,'MEDIOCAMPISTA',22,1.91,99.59),(34029518,'Raja Gould','1998-08-04',12,'DEFENSOR',7,1.87,80.72),(34037264,'Lucius Meyer','1993-04-09',10,'MEDIOCAMPISTA',66,2.10,93.96),(34047547,'Lev Stevens','1994-05-08',4,'DEFENSOR',58,1.79,94.08),(34058088,'Irene Norton','2003-10-07',19,'MEDIOCAMPISTA',18,1.79,88.25),(34065035,'Lydia Taylor','1990-06-25',14,'ARQUERO',56,1.89,98.78),(34090955,'Regan Wright','1994-11-17',4,'MEDIOCAMPISTA',31,2.05,86.18),(34222696,'Macaulay Salazar','1991-02-12',16,'DELANTERO',65,1.92,94.32),(34252999,'Lewis Harper','1999-01-02',24,'DEFENSOR',42,1.78,95.21),(34255597,'Zoe Spence','1989-07-25',11,'DEFENSOR',59,2.11,86.54),(34282674,'Nell Jenkins','1998-05-23',12,'ARQUERO',15,1.86,76.58),(34288360,'Elliott Williams','2004-03-29',11,'MEDIOCAMPISTA',53,2.12,83.56),(34333717,'Quon Haynes','1984-09-10',14,'DELANTERO',57,1.89,90.03),(34374434,'Vincent Wright','1993-03-03',1,'DELANTERO',42,1.78,95.21),(34393352,'Lev Sullivan','1994-12-22',17,'DELANTERO',30,2.02,87.67),(34395105,'Lucius Hess','1995-11-07',17,'DEFENSOR',22,2.01,94.70),(34408692,'Honorato Winters','1993-04-22',17,'DEFENSOR',28,1.76,84.91),(34416105,'Lewis Ingram','1994-12-31',16,'ARQUERO',6,2.16,80.31),(34427153,'Upton Guthrie','2002-02-03',19,'DELANTERO',44,2.04,93.13),(34471259,'Heidi Brooks','1995-12-15',4,'MEDIOCAMPISTA',42,1.79,80.16),(34497298,'Thaddeus Ochoa','1986-01-09',15,'DELANTERO',64,1.92,87.81),(34506171,'Keely Key','1984-06-01',14,'ARQUERO',35,2.15,92.84),(34521067,'Lev Sullivan','1992-08-25',14,'DELANTERO',13,2.15,90.93),(34536574,'Gil Cooke','1989-10-14',11,'DELANTERO',51,2.12,88.11),(34546227,'Nerea Calhoun','2002-01-10',9,'MEDIOCAMPISTA',38,2.09,94.02),(34558111,'Dillon Elliott','1987-08-10',17,'DEFENSOR',2,1.76,91.75),(34602941,'Amber Freeman','1993-12-06',16,'ARQUERO',16,1.92,96.51),(34644060,'Rajah Herman','1989-01-18',16,'MEDIOCAMPISTA',5,1.92,89.58),(34657409,'Judah Stanley','1986-01-09',15,'MEDIOCAMPISTA',65,1.91,94.49),(34693644,'Ira Lawrence','2000-10-23',16,'DELANTERO',16,1.91,89.58),(34695188,'Mary Keller','1985-04-21',18,'ARQUERO',59,1.76,91.88),(34777622,'Alexander Wilkerson','2000-12-31',8,'DELANTERO',68,2.10,76.06),(34826183,'Octavius Carlson','2002-01-19',1,'DEFENSOR',2,1.76,91.75),(34861448,'Mira Gray','1997-08-20',19,'DELANTERO',49,1.78,76.67),(34890237,'Walter Horne','1995-12-24',10,'DELANTERO',56,2.11,87.31),(34912023,'Magee Beard','1997-09-07',20,'DELANTERO',49,1.79,88.07),(34916256,'Jeremy Velazquez','2002-12-22',15,'DELANTERO',41,2.15,93.61),(34975486,'Vance Conley','1991-01-05',12,'DELANTERO',66,1.88,98.64),(34978822,'Kennan Stephenson','1997-08-20',24,'MEDIOCAMPISTA',9,1.77,81.72),(34988491,'MacKensie Rasmussen','1995-06-03',17,'DELANTERO',21,2.02,75.60),(34993311,'Leonard Maldonado','1985-07-22',19,'MEDIOCAMPISTA',64,2.03,94.62),(35052551,'Griffith Weber','1992-11-13',22,'DELANTERO',30,1.79,92.74),(35115336,'Zoe Spence','1997-12-28',10,'DEFENSOR',43,2.10,96.94),(35266899,'Sebastian Cline','1996-04-28',3,'MEDIOCAMPISTA',64,2.03,94.62),(35278833,'Shana Jefferson','2003-09-07',7,'ARQUERO',13,1.81,95.57),(35316431,'Shelly Garrett','1985-08-14',7,'DEFENSOR',58,2.06,82.22),(35323437,'Palmer Lamb','1988-11-21',3,'DELANTERO',2,2.04,82.83),(35488111,'Adam Bailey','1995-08-04',5,'ARQUERO',41,1.79,81.59),(35575753,'Herman Downs','2001-09-27',22,'DELANTERO',18,1.79,88.25),(35635798,'Elliott Tran','1988-10-24',20,'DELANTERO',58,2.02,96.57),(35636969,'James Stanley','1989-07-25',22,'DELANTERO',24,2.03,88.84),(35669386,'Iliana Hobbs','2001-01-01',6,'ARQUERO',26,2.06,83.31),(35699837,'Delilah Baldwin','1995-02-16',23,'MEDIOCAMPISTA',5,1.75,96.42),(35737662,'Jessamine Mclaughlin','2002-03-09',20,'DELANTERO',38,1.76,98.13),(35827882,'Charles Gonzales','1984-08-31',21,'MEDIOCAMPISTA',21,2.01,77.03),(35831567,'Jordan Pena','1988-05-08',6,'DELANTERO',39,1.82,78.42),(35844405,'Hollee Hester','1998-09-22',21,'DEFENSOR',38,1.77,81.72),(35872942,'Carol Baxter','1992-01-19',8,'ARQUERO',21,2.08,86.28),(35930111,'Aidan Johnson','1993-12-22',23,'DEFENSOR',15,1.78,93.79),(35972499,'Mercedes Vaughan','2001-02-24',3,'MEDIOCAMPISTA',24,2.03,88.84),(36089931,'Maryam Yates','1994-04-24',24,'DELANTERO',22,1.77,93.96),(36247259,'Sean Dillard','1997-03-06',1,'DEFENSOR',28,1.76,84.91),(36458985,'Uriel Rowe','2004-04-04',24,'DEFENSOR',64,1.77,93.65),(36484871,'Ulysses Solis','2001-01-26',8,'MEDIOCAMPISTA',66,2.08,78.27),(36630196,'Kennan Sheppard','1993-02-12',10,'DEFENSOR',11,1.85,91.85),(36638201,'Cadman Clemons','2002-07-08',7,'DELANTERO',63,1.84,88.87),(36672365,'Rogan Lambert','2003-07-09',5,'DELANTERO',15,2.07,91.66),(36777120,'Cooper Morris','1997-09-25',9,'DELANTERO',28,2.11,93.26),(36804970,'Reese Cote','1995-12-24',21,'DELANTERO',62,1.78,83.90),(36916874,'Wilma Landry','1986-10-10',1,'ARQUERO',44,2.00,77.12),(36944589,'Odysseus Wiggins','1994-01-11',6,'DEFENSOR',16,2.05,92.94),(37080592,'Vernon Mccoy','1997-09-07',9,'DELANTERO',6,2.10,81.81),(37115933,'Russell Bradshaw','2000-05-07',2,'DELANTERO',27,2.04,89.04),(37269730,'Noelani Hobbs','1993-04-22',7,'MEDIOCAMPISTA',25,1.83,78.20),(37380067,'Jakeem Greene','1984-07-20',3,'DELANTERO',47,1.79,76.49),(37382205,'Abigail Matthews','1991-06-30',22,'DELANTERO',10,1.78,81.92),(37490273,'Ryder Wolf','2000-08-20',3,'DEFENSOR',9,2.03,76.90),(37511027,'Sade Rios','1993-11-05',5,'DELANTERO',26,1.81,77.13),(37649202,'Bruno Barton','1999-09-01',4,'DEFENSOR',54,2.04,82.80),(38106064,'Anastasia Randolph','1998-08-04',24,'DEFENSOR',21,2.02,75.60),(38289546,'Benjamin Hobbs','1985-07-22',9,'ARQUERO',38,1.83,98.08),(38369302,'Uma Mccall','1992-03-23',21,'DELANTERO',25,2.03,94.08),(38528452,'Rhona Robbins','1997-02-26',3,'DEFENSOR',38,2.02,84.01),(38539658,'Wyatt Gomez','1993-09-17',1,'DEFENSOR',25,2.01,92.93),(38568618,'Breanna Becker','1997-09-25',20,'DEFENSOR',58,1.79,94.08),(38732882,'Whitney Jacobs','1990-04-14',1,'DELANTERO',30,2.02,87.67),(38758378,'Bell Mccormick','1994-03-28',7,'MEDIOCAMPISTA',19,2.07,89.02),(38772719,'Geoffrey Coleman','1999-01-25',1,'MEDIOCAMPISTA',9,2.01,90.85),(38907553,'Kevyn Trujillo','2003-12-26',6,'DELANTERO',15,2.07,98.03),(38996174,'Zoe Cash','1984-10-05',6,'MEDIOCAMPISTA',65,1.82,90.61),(39121534,'Sydnee Nash','1999-11-12',8,'DEFENSOR',40,1.83,87.88),(39140751,'Deborah Mccoy','1985-02-02',1,'DELANTERO',21,2.02,75.60),(39173149,'Carly Castaneda','1997-04-21',1,'MEDIOCAMPISTA',38,1.76,98.13),(39234506,'Eleanor Roy','1992-08-08',8,'DELANTERO',64,1.85,95.00),(39275000,'Igor Pierce','1990-09-14',24,'DELANTERO',62,1.78,83.90),(39280759,'Griffin Barnett','1992-05-11',7,'DEFENSOR',56,2.07,92.68),(39361791,'Charissa Osborn','2001-04-23',8,'MEDIOCAMPISTA',38,2.09,80.63),(39363311,'Marsden Baker','2004-03-29',23,'ARQUERO',2,2.04,82.83),(39369816,'Chastity Merritt','2001-12-05',10,'ARQUERO',47,2.10,88.17),(39505529,'Asher Fitzgerald','1997-12-28',21,'ARQUERO',42,1.78,95.21),(39734250,'Norman Blevins','1987-09-17',9,'DELANTERO',36,1.85,88.73),(39810810,'Isaac Lawrence','1987-04-24',1,'DELANTERO',64,1.77,81.72),(39840447,'Hedda Edwards','2003-09-25',20,'DELANTERO',30,2.02,87.67),(39843223,'Keiko Lopez','1999-01-12',21,'DELANTERO',24,1.78,77.50),(39870762,'Ian Aguirre','1986-07-13',4,'DELANTERO',26,1.80,95.03),(40181046,'McKenzie Villarreal','2002-01-21',5,'DEFENSOR',17,2.05,77.28),(40197426,'Cullen Callahan','1989-01-23',1,'MEDIOCAMPISTA',12,1.77,86.93),(40223912,'Cole Bowman','1986-01-16',7,'DELANTERO',47,1.83,80.58),(40225176,'Ryan Burch','1991-06-05',3,'DELANTERO',44,2.04,93.13),(40315616,'Raya Hester','1997-12-22',8,'DELANTERO',59,1.84,88.94),(40412552,'Xyla Schmidt','2002-12-20',2,'DEFENSOR',45,2.02,80.25),(40587392,'Charissa Schroeder','1989-12-13',20,'MEDIOCAMPISTA',22,2.01,94.70),(40744924,'Quemby Dotson','1998-11-17',1,'MEDIOCAMPISTA',4,1.77,89.63),(40746438,'Wang Ruiz','2003-05-22',6,'MEDIOCAMPISTA',11,2.06,86.89),(40947093,'Hermione Kemp','2003-06-20',6,'DEFENSOR',69,1.81,88.21),(40982851,'Reuben Le','1985-03-29',4,'DELANTERO',8,1.80,78.29),(41361844,'Leah Reed','1992-11-28',5,'DELANTERO',8,1.81,87.82),(41443229,'Delilah Mccullough','1997-06-05',2,'MEDIOCAMPISTA',24,1.78,77.50),(41448375,'Chadwick Wilson','2001-07-28',4,'MEDIOCAMPISTA',69,1.80,78.00),(41448836,'Minerva Rocha','1991-08-17',23,'ARQUERO',38,1.76,98.13),(41605203,'Raja Gould','2001-05-30',20,'DEFENSOR',54,2.04,82.80),(41641110,'Lionel Jacobson','1999-06-05',23,'MEDIOCAMPISTA',54,2.04,82.80),(41665491,'Felicia Mosley','1994-04-18',4,'MEDIOCAMPISTA',20,2.04,92.23),(41695497,'Phelan Hendrix','2001-12-05',20,'DELANTERO',4,1.77,89.63),(41735761,'Lionel Clayton','2000-05-15',2,'DELANTERO',49,1.78,76.67),(41755103,'Asher Day','2000-08-11',6,'MEDIOCAMPISTA',45,2.07,83.57),(41920292,'April Cruz','2002-10-13',6,'DELANTERO',28,2.07,79.67),(45242424,'Briar Lancaster','1985-10-24',20,'ARQUERO',15,1.78,93.79);
/*!40000 ALTER TABLE `jugadores` ENABLE KEYS */;
UNLOCK TABLES;

--
-- Dumping data for table `partidos`
--

LOCK TABLES `partidos` WRITE;
/*!40000 ALTER TABLE `partidos` DISABLE KEYS */;
INSERT INTO `partidos` VALUES (1,23,'2023-05-04',1,2,'FECHA',1,13,1,1),(2,19,'2023-05-04',2,1,'FECHA',2,14,2,1),(3,4,'2023-05-04',3,0,'FECHA',3,15,3,1),(4,13,'2023-05-04',0,0,'FECHA',4,16,4,1),(5,2,'2023-05-04',3,0,'FECHA',5,17,5,1),(6,9,'2023-05-04',0,0,'FECHA',6,18,6,1),(7,7,'2023-05-04',1,2,'FECHA',7,19,7,1),(8,8,'2023-05-04',3,4,'FECHA',8,20,8,1),(9,10,'2023-05-04',0,1,'FECHA',9,21,9,1),(10,12,'2023-05-04',2,2,'FECHA',10,22,10,1),(11,1,'2023-05-04',1,3,'FECHA',11,23,11,1),(12,17,'2023-05-04',3,2,'FECHA',12,24,12,1),(13,3,'2023-06-11',4,1,'FECHA',1,19,1,1),(14,22,'2023-06-11',0,2,'FECHA',2,23,2,1),(15,16,'2023-06-11',0,1,'FECHA',3,22,3,1),(16,5,'2023-06-11',3,5,'FECHA',4,20,4,1),(17,11,'2023-06-11',1,0,'FECHA',5,15,5,1),(18,1,'2023-06-11',0,2,'FECHA',6,14,6,1),(19,6,'2023-06-11',0,1,'FECHA',7,16,7,1),(20,24,'2023-06-11',5,2,'FECHA',8,24,8,1),(21,18,'2023-06-11',1,1,'FECHA',9,18,9,1),(22,4,'2023-06-11',3,2,'FECHA',10,21,10,1),(23,21,'2023-06-11',2,2,'FECHA',11,17,11,1),(24,3,'2023-06-11',2,1,'FECHA',12,13,12,1);
/*!40000 ALTER TABLE `partidos` ENABLE KEYS */;
UNLOCK TABLES;

--
-- Dumping data for table `posiciones`
--

LOCK TABLES `posiciones` WRITE;
/*!40000 ALTER TABLE `posiciones` DISABLE KEYS */;
INSERT INTO `posiciones` VALUES (1,2,1,1,0,3),(2,4,1,3,0,3),(3,2,1,1,0,3),(4,2,0,1,1,0),(5,10,10,0,0,30),(6,2,0,1,1,0),(7,2,0,2,0,0),(8,2,1,1,0,3),(9,2,0,1,1,0),(10,2,1,0,1,3),(11,2,0,1,1,0),(12,2,2,0,0,6),(13,2,1,1,0,3),(15,2,0,2,0,0),(16,2,1,0,1,3),(17,2,0,1,1,0),(18,2,0,0,2,0),(19,2,1,1,0,3),(20,2,2,0,0,6),(21,2,1,1,0,3),(22,2,1,0,1,3),(23,2,2,0,0,6),(24,2,0,2,0,0);
/*!40000 ALTER TABLE `posiciones` ENABLE KEYS */;
UNLOCK TABLES;

--
-- Dumping data for table `tarjetas`
--

LOCK TABLES `tarjetas` WRITE;
/*!40000 ALTER TABLE `tarjetas` DISABLE KEYS */;
INSERT INTO `tarjetas` VALUES (1,36916874,'AMARILLA',1),(2,34826183,'AMARILLA',1),(3,33714568,'AMARILLA',1),(4,32566543,'ROJA',1),(5,34065035,'AMARILLA',2),(6,31321408,'AMARILLA',2),(7,41443229,'AMARILLA',2),(8,24132961,'ROJA',3),(9,37490273,'AMARILLA',3),(10,24132961,'AMARILLA',4),(11,37490273,'AMARILLA',4),(12,30135490,'AMARILLA',4),(13,33803411,'AMARILLA',5),(14,32357039,'ROJA',5),(15,31975294,'AMARILLA',6),(16,30151061,'ROJA',7),(17,31777188,'AMARILLA',7),(18,30336113,'AMARILLA',7),(19,39121534,'AMARILLA',8),(20,36484871,'ROJA',8),(21,32594785,'AMARILLA',8),(22,41605203,'AMARILLA',8),(23,23765021,'AMARILLA',9),(24,29984176,'ROJA',9),(25,31987739,'AMARILLA',9),(26,24448397,'AMARILLA',9),(27,30316235,'AMARILLA',10),(28,32069910,'AMARILLA',10),(29,28255514,'AMARILLA',10),(30,25555448,'AMARILLA',10),(31,33462621,'AMARILLA',11),(32,28573646,'ROJA',11),(33,31719873,'AMARILLA',12),(34,28573646,'AMARILLA',12),(35,26706240,'AMARILLA',12),(36,24169591,'AMARILLA',13),(37,30151061,'AMARILLA',13),(38,30917785,'AMARILLA',13),(39,30321633,'AMARILLA',14),(40,30576376,'ROJA',14),(41,35972499,'AMARILLA',15),(42,40225176,'AMARILLA',15),(43,41641110,'AMARILLA',15),(44,35699837,'AMARILLA',15),(45,30576376,'AMARILLA',15),(46,30386953,'ROJA',16),(47,31607629,'AMARILLA',16),(48,25843578,'ROJA',16),(49,24301824,'AMARILLA',17),(50,32630612,'AMARILLA',17),(51,36944589,'AMARILLA',18),(52,28857391,'AMARILLA',18),(53,31931473,'AMARILLA',18),(54,23202471,'AMARILLA',19),(55,39280759,'AMARILLA',19),(56,33106461,'ROJA',19),(57,32594785,'AMARILLA',20),(58,39361791,'AMARILLA',20),(59,24387300,'AMARILLA',20),(60,27305362,'AMARILLA',20),(61,24448397,'AMARILLA',21),(62,33225438,'ROJA',21),(63,32583605,'AMARILLA',21),(64,35115336,'ROJA',22),(65,23911736,'AMARILLA',22),(66,33462621,'AMARILLA',23),(67,34288360,'AMARILLA',23),(68,31407390,'ROJA',23),(69,31202516,'AMARILLA',24),(70,30135490,'AMARILLA',24);
/*!40000 ALTER TABLE `tarjetas` ENABLE KEYS */;
UNLOCK TABLES;

--
-- Dumping data for table `tarjetas_dt`
--

LOCK TABLES `tarjetas_dt` WRITE;
/*!40000 ALTER TABLE `tarjetas_dt` DISABLE KEYS */;
INSERT INTO `tarjetas_dt` VALUES (1,31933816,'AMARILLA',6),(2,40947093,'AMARILLA',7),(3,36135688,'ROJA',10),(4,38113311,'AMARILLA',18),(5,31933816,'AMARILLA',21),(6,31933816,'AMARILLA',21),(7,31933816,'ROJA',21);
/*!40000 ALTER TABLE `tarjetas_dt` ENABLE KEYS */;
UNLOCK TABLES;

--
-- Dumping data for table `torneo`
--

LOCK TABLES `torneo` WRITE;
/*!40000 ALTER TABLE `torneo` DISABLE KEYS */;
INSERT INTO `torneo` VALUES (1,'Defensores del Paraná','Liga Regional Chaqueña','LIGA');
/*!40000 ALTER TABLE `torneo` ENABLE KEYS */;
UNLOCK TABLES;
/*!40103 SET TIME_ZONE=@OLD_TIME_ZONE */;

/*!40101 SET SQL_MODE=@OLD_SQL_MODE */;
/*!40014 SET FOREIGN_KEY_CHECKS=@OLD_FOREIGN_KEY_CHECKS */;
/*!40014 SET UNIQUE_CHECKS=@OLD_UNIQUE_CHECKS */;
/*!40101 SET CHARACTER_SET_CLIENT=@OLD_CHARACTER_SET_CLIENT */;
/*!40101 SET CHARACTER_SET_RESULTS=@OLD_CHARACTER_SET_RESULTS */;
/*!40101 SET COLLATION_CONNECTION=@OLD_COLLATION_CONNECTION */;
/*!40111 SET SQL_NOTES=@OLD_SQL_NOTES */;

-- Dump completed on 2023-06-28 15:17:14
